NAME,B01003_001E,B25014_001E,B25014_005E,B25014_006E,B25014_007E,B25014_011E,B25014_012E,B25014_013E,B25106_006E,B25106_010E,B25106_014E,B25106_018E,B25106_022E,B25106_028E,B25106_032E,B25106_036E,B25106_040E,B25106_044E,state,county,Year
"Merced County, California",267390.0,79261.0,1775.0,312.0,224.0,3801.0,849.0,326.0,3248.0,2772.0,2438.0,1844.0,1034.0,8740.0,6047.0,2963.0,656.0,76.0,06,047,2017
"Lake County, California",64095.0,26327.0,247.0,63.0,71.0,258.0,141.0,0.0,2217.0,1239.0,761.0,930.0,478.0,2490.0,1747.0,497.0,220.0,44.0,06,033,2017
"Mariposa County, California",17658.0,7434.0,47.0,21.0,0.0,29.0,16.0,0.0,481.0,253.0,185.0,216.0,273.0,518.0,216.0,150.0,86.0,0.0,06,043,2017
"Modoc County, California",9017.0,3638.0,80.0,12.0,0.0,0.0,5.0,0.0,217.0,337.0,81.0,115.0,30.0,347.0,64.0,0.0,0.0,0.0,06,049,2017
"Yuba County, California",74644.0,25880.0,585.0,102.0,13.0,624.0,310.0,109.0,1072.0,791.0,880.0,1262.0,319.0,2364.0,2073.0,675.0,594.0,63.0,06,115,2017
"Contra Costa County, California",1123678.0,389597.0,4185.0,956.0,303.0,8985.0,2824.0,643.0,10251.0,11570.0,10838.0,16527.0,30306.0,19278.0,16836.0,13190.0,12363.0,6425.0,06,013,2017
"Inyo County, California",18195.0,8026.0,74.0,3.0,0.0,73.0,12.0,0.0,402.0,252.0,275.0,151.0,159.0,509.0,417.0,205.0,136.0,4.0,06,027,2017
"Lassen County, California",31470.0,9441.0,37.0,7.0,2.0,52.0,4.0,3.0,480.0,328.0,144.0,245.0,135.0,813.0,352.0,116.0,77.0,0.0,06,035,2017
"Stanislaus County, California",535684.0,171324.0,3091.0,647.0,429.0,5697.0,1300.0,368.0,6470.0,6233.0,6257.0,6103.0,3221.0,16648.0,12776.0,6682.0,2319.0,227.0,06,099,2017
"Santa Barbara County, California",442996.0,144015.0,2287.0,731.0,166.0,6892.0,3313.0,1419.0,4225.0,3844.0,2945.0,5017.0,7588.0,10599.0,9263.0,8231.0,6307.0,3388.0,06,083,2017
"Sonoma County, California",500943.0,190058.0,2130.0,481.0,210.0,4684.0,1823.0,436.0,6122.0,6083.0,4680.0,8293.0,11361.0,11337.0,9717.0,8376.0,7731.0,2890.0,06,097,2017
"Tehama County, California",63247.0,23712.0,247.0,151.0,27.0,639.0,172.0,0.0,1479.0,1212.0,984.0,1049.0,459.0,1959.0,1868.0,424.0,89.0,1.0,06,103,2017
"Imperial County, California",179957.0,45198.0,1063.0,312.0,263.0,2479.0,508.0,166.0,2409.0,1930.0,989.0,1158.0,642.0,6148.0,2742.0,772.0,260.0,51.0,06,025,2017
"Mono County, California",14058.0,4899.0,10.0,0.0,0.0,30.0,22.0,26.0,166.0,156.0,153.0,179.0,317.0,60.0,226.0,263.0,86.0,0.0,06,051,2017
"San Benito County, California",58671.0,17440.0,289.0,78.0,107.0,622.0,250.0,61.0,435.0,421.0,612.0,868.0,1340.0,816.0,895.0,616.0,443.0,207.0,06,069,2017
"Alameda County, California",1629615.0,569070.0,7731.0,1742.0,598.0,20141.0,8707.0,2610.0,11787.0,11373.0,10723.0,17142.0,37094.0,40164.0,31391.0,24127.0,22591.0,12482.0,06,001,2017
"Sacramento County, California",1495400.0,532050.0,5820.0,1263.0,527.0,13117.0,4035.0,1065.0,17106.0,16588.0,16273.0,19440.0,14811.0,49640.0,39737.0,20618.0,11748.0,1826.0,06,067,2017
"El Dorado County, California",185015.0,68084.0,544.0,100.0,65.0,589.0,152.0,9.0,3846.0,3001.0,2342.0,3772.0,4541.0,2441.0,2537.0,1273.0,782.0,432.0,06,017,2017
"Napa County, California",141005.0,49044.0,602.0,81.0,96.0,1484.0,459.0,107.0,1616.0,1704.0,1138.0,2181.0,3133.0,2093.0,2383.0,2226.0,1660.0,824.0,06,055,2017
"Monterey County, California",433168.0,125939.0,2898.0,577.0,441.0,7117.0,2938.0,2332.0,3193.0,3273.0,3701.0,4572.0,6382.0,8099.0,10312.0,7103.0,5561.0,2341.0,06,053,2017
"San Francisco County, California",864263.0,358772.0,3600.0,1514.0,297.0,5895.0,8335.0,2496.0,5833.0,4665.0,3771.0,6930.0,20282.0,31205.0,17976.0,11421.0,13046.0,13586.0,06,075,2017
"Sierra County, California",2885.0,1208.0,2.0,0.0,0.0,0.0,0.0,0.0,152.0,47.0,39.0,0.0,33.0,86.0,50.0,6.0,0.0,0.0,06,091,2017
"Tulare County, California",458809.0,135144.0,3672.0,789.0,393.0,6497.0,1401.0,702.0,7105.0,6356.0,5031.0,3558.0,1656.0,16000.0,10087.0,3478.0,1054.0,189.0,06,107,2017
"Yolo County, California",212605.0,72845.0,562.0,222.0,79.0,2265.0,685.0,55.0,2014.0,1636.0,1332.0,2384.0,2177.0,8076.0,4919.0,2835.0,1952.0,273.0,06,113,2017
"Humboldt County, California",135490.0,53966.0,491.0,276.0,62.0,847.0,271.0,73.0,2420.0,1984.0,1986.0,2148.0,1040.0,5996.0,4876.0,1504.0,860.0,88.0,06,023,2017
"Nevada County, California",98838.0,40386.0,243.0,134.0,94.0,291.0,39.0,53.0,2201.0,2269.0,2025.0,2202.0,2090.0,1917.0,1608.0,1023.0,682.0,125.0,06,057,2017
"Alpine County, California",1203.0,304.0,7.0,1.0,0.0,2.0,0.0,0.0,26.0,13.0,17.0,27.0,28.0,4.0,6.0,5.0,2.0,0.0,06,003,2017
"Madera County, California",154440.0,44458.0,1116.0,233.0,76.0,1961.0,412.0,473.0,2262.0,2020.0,1618.0,1363.0,802.0,3502.0,3318.0,1503.0,478.0,101.0,06,039,2017
"Mendocino County, California",87497.0,34182.0,459.0,113.0,57.0,794.0,162.0,145.0,1884.0,1602.0,822.0,1512.0,840.0,3373.0,2233.0,1079.0,542.0,35.0,06,045,2017
"Santa Cruz County, California",273263.0,95536.0,1105.0,317.0,87.0,2906.0,1551.0,579.0,3112.0,2447.0,2397.0,3840.0,7500.0,6979.0,5813.0,4495.0,3692.0,1685.0,06,087,2017
"Trinity County, California",13037.0,5462.0,37.0,22.0,25.0,44.0,7.0,5.0,384.0,298.0,131.0,131.0,166.0,574.0,345.0,111.0,6.0,0.0,06,105,2017
"Los Angeles County, California",10105722.0,3295198.0,62843.0,16158.0,6866.0,163713.0,93975.0,40772.0,87170.0,86414.0,85297.0,123545.0,172034.0,339912.0,294384.0,184104.0,129951.0,52043.0,06,037,2017
"Riverside County, California",2355002.0,711724.0,14715.0,3250.0,1773.0,22089.0,6263.0,1931.0,33454.0,32046.0,28866.0,34374.0,30250.0,48352.0,42654.0,26032.0,18250.0,5004.0,06,065,2017
"San Bernardino County, California",2121220.0,623642.0,16034.0,2833.0,1346.0,25172.0,7553.0,1822.0,24779.0,25464.0,22273.0,27586.0,20697.0,52784.0,43003.0,25755.0,15766.0,3939.0,06,071,2017
"Santa Clara County, California",1911226.0,630451.0,9953.0,2116.0,737.0,23947.0,10141.0,3204.0,13282.0,12319.0,10715.0,18154.0,51307.0,29779.0,25085.0,23002.0,25796.0,20759.0,06,085,2017
"Marin County, California",260814.0,104846.0,300.0,185.0,62.0,2189.0,1019.0,311.0,2640.0,3249.0,2558.0,3368.0,10919.0,4443.0,3931.0,3362.0,3950.0,3018.0,06,041,2017
"Placer County, California",374985.0,138564.0,842.0,174.0,70.0,1342.0,541.0,48.0,5563.0,5029.0,3960.0,7070.0,8470.0,6181.0,5263.0,3984.0,3399.0,1013.0,06,061,2017
"Siskiyou County, California",43530.0,19018.0,145.0,59.0,18.0,288.0,43.0,36.0,1228.0,993.0,602.0,519.0,197.0,1833.0,1185.0,298.0,89.0,28.0,06,093,2017
"Shasta County, California",178919.0,70486.0,474.0,127.0,83.0,1036.0,378.0,76.0,3915.0,3400.0,2626.0,2470.0,1329.0,6832.0,4880.0,2036.0,814.0,104.0,06,089,2017
"Solano County, California",434981.0,147352.0,1773.0,316.0,190.0,3581.0,1204.0,235.0,4051.0,4236.0,4405.0,6612.0,6317.0,9407.0,8524.0,6434.0,5397.0,1630.0,06,095,2017
"Del Norte County, California",27442.0,9683.0,59.0,12.0,27.0,129.0,98.0,13.0,808.0,362.0,151.0,272.0,226.0,1107.0,352.0,92.0,37.0,0.0,06,015,2017
"Colusa County, California",21479.0,7047.0,241.0,16.0,28.0,185.0,85.0,29.0,260.0,337.0,299.0,143.0,173.0,447.0,430.0,87.0,51.0,32.0,06,011,2017
"Glenn County, California",27935.0,9936.0,134.0,0.0,11.0,294.0,42.0,0.0,520.0,277.0,161.0,360.0,189.0,1168.0,460.0,189.0,9.0,0.0,06,021,2017
"Butte County, California",225207.0,86167.0,592.0,170.0,77.0,1287.0,366.0,72.0,5015.0,2801.0,2593.0,2568.0,1193.0,10335.0,6153.0,2449.0,1393.0,250.0,06,007,2017
"Kings County, California",150183.0,42349.0,950.0,237.0,65.0,1707.0,406.0,185.0,1395.0,1383.0,1177.0,920.0,426.0,4126.0,3315.0,1608.0,376.0,85.0,06,031,2017
"Plumas County, California",18724.0,8287.0,42.0,0.0,0.0,23.0,0.0,0.0,437.0,516.0,223.0,402.0,191.0,703.0,283.0,129.0,53.0,0.0,06,063,2017
"San Luis Obispo County, California",280119.0,105044.0,656.0,198.0,90.0,1696.0,835.0,103.0,3532.0,3201.0,2955.0,4676.0,6003.0,7585.0,5864.0,4206.0,2792.0,978.0,06,079,2017
"Fresno County, California",971616.0,301824.0,6755.0,1200.0,478.0,14264.0,3888.0,1657.0,10715.0,11047.0,8797.0,8089.0,5730.0,39128.0,25257.0,8205.0,3536.0,606.0,06,019,2017
"Kern County, California",878744.0,264993.0,6115.0,1022.0,462.0,12050.0,3269.0,1008.0,10671.0,10729.0,8726.0,7353.0,3918.0,27339.0,18999.0,6879.0,3588.0,761.0,06,029,2017
"Orange County, California",3155816.0,1024976.0,15820.0,4451.0,1503.0,43873.0,18961.0,6867.0,27180.0,25996.0,23311.0,40841.0,77175.0,54293.0,59336.0,50102.0,51360.0,24860.0,06,059,2017
"Ventura County, California",847834.0,270046.0,4197.0,961.0,367.0,8547.0,3080.0,1224.0,7063.0,8216.0,7022.0,12433.0,21078.0,12075.0,13655.0,11553.0,11849.0,5825.0,06,111,2017
"Calaveras County, California",45057.0,17812.0,151.0,87.0,0.0,33.0,29.0,0.0,1394.0,1206.0,781.0,699.0,1007.0,716.0,602.0,428.0,212.0,52.0,06,009,2017
"Sutter County, California",95583.0,32188.0,531.0,119.0,21.0,1095.0,316.0,167.0,1302.0,762.0,1065.0,984.0,631.0,2752.0,2575.0,923.0,582.0,77.0,06,101,2017
"San Mateo County, California",763450.0,261796.0,3758.0,1007.0,415.0,8498.0,4775.0,1746.0,5954.0,5488.0,4757.0,8399.0,24324.0,9369.0,10431.0,9752.0,11879.0,8803.0,06,081,2017
"Tuolumne County, California",53899.0,22267.0,278.0,34.0,7.0,277.0,71.0,0.0,1150.0,1134.0,860.0,915.0,651.0,1545.0,1152.0,435.0,162.0,48.0,06,109,2017
"San Joaquin County, California",724153.0,223808.0,3910.0,979.0,228.0,7987.0,2201.0,590.0,7989.0,7102.0,6040.0,8527.0,6848.0,21019.0,16854.0,8304.0,5345.0,790.0,06,077,2017
"Amador County, California",37306.0,14185.0,100.0,0.0,46.0,117.0,3.0,0.0,893.0,679.0,532.0,508.0,318.0,647.0,809.0,201.0,80.0,17.0,06,005,2017
"San Diego County, California",3283665.0,1111739.0,12092.0,2999.0,1247.0,36892.0,15429.0,4027.0,28385.0,28313.0,28090.0,43354.0,68919.0,74115.0,78569.0,58199.0,50675.0,21743.0,06,073,2017
"Merced County, California",269075.0,79606.0,1720.0,316.0,264.0,4062.0,944.0,305.0,3160.0,2654.0,2575.0,1821.0,1192.0,8143.0,5749.0,3126.0,1094.0,84.0,06,047,2018
"Mariposa County, California",17540.0,7700.0,68.0,28.0,0.0,54.0,18.0,0.0,473.0,204.0,249.0,191.0,204.0,490.0,368.0,153.0,105.0,15.0,06,043,2018
"Modoc County, California",8938.0,3660.0,100.0,13.0,0.0,6.0,6.0,0.0,209.0,286.0,94.0,87.0,40.0,225.0,53.0,6.0,0.0,0.0,06,049,2018
"Contra Costa County, California",1133247.0,392277.0,4608.0,950.0,367.0,9280.0,2938.0,795.0,9390.0,10916.0,10925.0,16403.0,30991.0,18091.0,15556.0,13062.0,13293.0,7727.0,06,013,2018
"Inyo County, California",18085.0,8083.0,61.0,0.0,0.0,85.0,10.0,0.0,385.0,247.0,299.0,181.0,163.0,507.0,459.0,185.0,171.0,3.0,06,027,2018
"Stanislaus County, California",539301.0,172682.0,3191.0,681.0,364.0,5483.0,1356.0,414.0,6195.0,5921.0,5956.0,6819.0,3416.0,14939.0,12358.0,7100.0,2851.0,324.0,06,099,2018
"Santa Barbara County, California",443738.0,144962.0,2539.0,824.0,210.0,7182.0,3535.0,1120.0,3863.0,3867.0,2926.0,4873.0,7826.0,9682.0,9617.0,7861.0,7090.0,3630.0,06,083,2018
"Lake County, California",64148.0,25966.0,325.0,49.0,64.0,282.0,122.0,0.0,2194.0,1154.0,685.0,815.0,629.0,2048.0,1604.0,721.0,252.0,21.0,06,033,2018
"Glenn County, California",27897.0,10017.0,97.0,0.0,3.0,253.0,31.0,2.0,528.0,259.0,256.0,296.0,163.0,1126.0,440.0,134.0,15.0,0.0,06,021,2018
"Butte County, California",227075.0,86797.0,688.0,145.0,107.0,1384.0,332.0,101.0,5082.0,2786.0,2555.0,2477.0,1446.0,9977.0,5902.0,2744.0,1704.0,193.0,06,007,2018
"Kings County, California",150075.0,42735.0,902.0,160.0,73.0,1820.0,428.0,100.0,1483.0,1380.0,1000.0,894.0,470.0,3759.0,3331.0,1651.0,524.0,118.0,06,031,2018
"Plumas County, California",18699.0,8047.0,38.0,0.0,0.0,36.0,0.0,0.0,436.0,405.0,253.0,328.0,206.0,533.0,240.0,159.0,72.0,0.0,06,063,2018
"San Luis Obispo County, California",281455.0,105317.0,751.0,201.0,91.0,1649.0,670.0,120.0,3580.0,3140.0,3142.0,4447.0,6367.0,6920.0,5452.0,4267.0,3170.0,1165.0,06,079,2018
"Fresno County, California",978130.0,304624.0,6349.0,1146.0,628.0,13510.0,3984.0,2645.0,9825.0,11195.0,7760.0,8496.0,5388.0,36766.0,26079.0,9270.0,4256.0,704.0,06,019,2018
"Kern County, California",883053.0,267913.0,6299.0,1090.0,489.0,12002.0,3690.0,1222.0,10806.0,10602.0,8904.0,8305.0,4458.0,25928.0,19408.0,7269.0,3620.0,618.0,06,029,2018
"Orange County, California",3164182.0,1032373.0,15731.0,4614.0,1455.0,43900.0,18825.0,6988.0,26707.0,25574.0,22728.0,38607.0,79125.0,50597.0,55290.0,49058.0,55662.0,29331.0,06,059,2018
"Ventura County, California",848112.0,271226.0,4189.0,851.0,384.0,8145.0,3166.0,1157.0,7237.0,7673.0,6710.0,12235.0,21969.0,11310.0,13171.0,11726.0,12138.0,6789.0,06,111,2018
"Calaveras County, California",45235.0,17417.0,204.0,91.0,0.0,37.0,17.0,0.0,1047.0,1028.0,939.0,781.0,918.0,711.0,546.0,454.0,320.0,71.0,06,009,2018
"Sutter County, California",95872.0,32360.0,499.0,155.0,24.0,1049.0,211.0,149.0,1141.0,831.0,865.0,1218.0,814.0,2344.0,2502.0,969.0,607.0,51.0,06,101,2018
"San Mateo County, California",765935.0,261969.0,3870.0,1101.0,446.0,8392.0,4985.0,1753.0,5998.0,5160.0,4375.0,7655.0,24627.0,8778.0,9495.0,8567.0,11982.0,10679.0,06,081,2018
"Tuolumne County, California",53932.0,22427.0,308.0,30.0,7.0,273.0,71.0,0.0,1254.0,1116.0,811.0,968.0,740.0,1485.0,1128.0,400.0,111.0,27.0,06,109,2018
"San Joaquin County, California",732212.0,226727.0,4035.0,986.0,245.0,8166.0,2455.0,638.0,7867.0,6778.0,5647.0,8519.0,7135.0,19436.0,16715.0,9260.0,5831.0,1368.0,06,077,2018
"Amador County, California",37829.0,14090.0,239.0,0.0,46.0,105.0,8.0,0.0,874.0,681.0,574.0,565.0,278.0,581.0,774.0,321.0,97.0,14.0,06,005,2018
"Mono County, California",14174.0,4847.0,24.0,0.0,0.0,43.0,0.0,0.0,160.0,71.0,177.0,257.0,283.0,50.0,222.0,194.0,123.0,0.0,06,051,2018
"San Benito County, California",59416.0,17740.0,278.0,61.0,74.0,757.0,207.0,88.0,369.0,452.0,633.0,815.0,1551.0,767.0,849.0,626.0,502.0,247.0,06,069,2018
"Sacramento County, California",1510023.0,536029.0,5692.0,1284.0,516.0,13423.0,4234.0,1155.0,16302.0,15558.0,15097.0,19539.0,15858.0,46553.0,39002.0,21574.0,13428.0,2408.0,06,067,2018
"El Dorado County, California",186661.0,69172.0,549.0,169.0,58.0,601.0,137.0,18.0,3398.0,2928.0,2395.0,3468.0,4899.0,2363.0,2521.0,1242.0,855.0,519.0,06,017,2018
"Monterey County, California",433212.0,126052.0,3022.0,642.0,391.0,7786.0,3113.0,2267.0,3171.0,3061.0,3290.0,4448.0,6643.0,7150.0,9865.0,6966.0,6203.0,2625.0,06,053,2018
"San Francisco County, California",870044.0,359673.0,3548.0,1431.0,264.0,5806.0,9198.0,2706.0,5562.0,4580.0,3742.0,6394.0,19881.0,28939.0,16631.0,10605.0,12508.0,14307.0,06,075,2018
"San Diego County, California",3302833.0,1118980.0,12950.0,3047.0,1382.0,37665.0,15888.0,4083.0,27389.0,27586.0,26464.0,42069.0,72355.0,70342.0,74018.0,59662.0,55666.0,26337.0,06,073,2018
"Tulare County, California",460477.0,136106.0,3518.0,830.0,291.0,6815.0,1330.0,533.0,7094.0,6434.0,4781.0,3774.0,1689.0,15030.0,10098.0,3652.0,1171.0,337.0,06,107,2018
"Humboldt County, California",135768.0,54267.0,485.0,216.0,62.0,906.0,387.0,29.0,2306.0,1847.0,2264.0,2118.0,1214.0,6002.0,4785.0,1539.0,988.0,88.0,06,023,2018
"Alpine County, California",1146.0,299.0,4.0,1.0,0.0,2.0,0.0,0.0,19.0,15.0,16.0,17.0,33.0,3.0,2.0,0.0,2.0,0.0,06,003,2018
"Madera County, California",155013.0,44759.0,893.0,184.0,54.0,1964.0,487.0,428.0,2135.0,1716.0,1632.0,1576.0,804.0,3322.0,2807.0,1551.0,438.0,65.0,06,039,2018
"Santa Cruz County, California",273765.0,95756.0,1288.0,265.0,88.0,3053.0,1550.0,790.0,3135.0,2412.0,2335.0,3422.0,7315.0,6492.0,5660.0,3839.0,4105.0,2378.0,06,087,2018
"Trinity County, California",12862.0,5796.0,64.0,25.0,33.0,18.0,8.0,0.0,357.0,254.0,147.0,98.0,126.0,552.0,336.0,173.0,17.0,0.0,06,105,2018
"Riverside County, California",2383286.0,718349.0,15189.0,3423.0,1851.0,21040.0,6213.0,1870.0,33681.0,31766.0,27591.0,35240.0,31791.0,44007.0,42024.0,25702.0,19480.0,6065.0,06,065,2018
"San Bernardino County, California",2135413.0,630633.0,15799.0,3379.0,1377.0,25654.0,8461.0,1810.0,23769.0,24463.0,21107.0,27825.0,21729.0,49756.0,43530.0,26771.0,17929.0,4567.0,06,071,2018
"Marin County, California",260295.0,105258.0,302.0,232.0,14.0,2182.0,1253.0,301.0,2519.0,2955.0,2274.0,3404.0,11044.0,4111.0,3720.0,3505.0,4201.0,3261.0,06,041,2018
"Placer County, California",380077.0,140661.0,953.0,176.0,76.0,1225.0,435.0,59.0,5293.0,5542.0,4004.0,6609.0,8734.0,5664.0,5487.0,3696.0,3745.0,1144.0,06,061,2018
"Shasta County, California",179085.0,70473.0,604.0,132.0,93.0,1093.0,343.0,36.0,3762.0,2916.0,2527.0,2586.0,1473.0,6184.0,4714.0,1972.0,790.0,127.0,06,089,2018
"Solano County, California",438530.0,149067.0,1773.0,444.0,166.0,3751.0,1230.0,331.0,3994.0,3871.0,4361.0,6412.0,7078.0,8166.0,8006.0,6286.0,6064.0,1842.0,06,095,2018
"Colusa County, California",21464.0,7113.0,166.0,13.0,25.0,175.0,84.0,31.0,190.0,343.0,221.0,178.0,160.0,473.0,477.0,124.0,15.0,22.0,06,011,2018
"Tehama County, California",63373.0,24025.0,255.0,171.0,25.0,591.0,191.0,13.0,1577.0,1420.0,980.0,926.0,265.0,1901.0,1719.0,501.0,135.0,60.0,06,103,2018
"Yuba County, California",75493.0,26179.0,679.0,98.0,25.0,737.0,229.0,137.0,1174.0,774.0,1130.0,958.0,391.0,2265.0,1759.0,724.0,582.0,79.0,06,115,2018
"Lassen County, California",31185.0,9493.0,51.0,7.0,2.0,52.0,12.0,3.0,396.0,277.0,161.0,291.0,75.0,743.0,421.0,116.0,67.0,14.0,06,035,2018
"Sonoma County, California",501317.0,189339.0,2123.0,490.0,216.0,5016.0,1611.0,394.0,5909.0,5863.0,4621.0,7570.0,11992.0,10278.0,8952.0,7782.0,8400.0,3497.0,06,097,2018
"Imperial County, California",180216.0,44057.0,1026.0,399.0,277.0,2177.0,567.0,170.0,2581.0,1778.0,1268.0,1212.0,492.0,5803.0,2521.0,774.0,211.0,55.0,06,025,2018
"Alameda County, California",1643700.0,572870.0,7979.0,1984.0,557.0,20765.0,9804.0,3077.0,11645.0,11406.0,9560.0,15994.0,38194.0,36098.0,29479.0,22998.0,24406.0,15555.0,06,001,2018
"Napa County, California",140530.0,49032.0,765.0,77.0,78.0,1590.0,460.0,113.0,1545.0,1550.0,1071.0,2096.0,3171.0,2028.0,2140.0,2061.0,1921.0,921.0,06,055,2018
"Sierra County, California",2930.0,1241.0,2.0,0.0,0.0,0.0,0.0,0.0,134.0,63.0,46.0,0.0,44.0,85.0,56.0,0.0,0.0,0.0,06,091,2018
"Yolo County, California",214977.0,73510.0,500.0,168.0,41.0,2516.0,791.0,52.0,1721.0,1417.0,1278.0,2084.0,2506.0,7802.0,5252.0,2915.0,2354.0,307.0,06,113,2018
"Nevada County, California",99092.0,40904.0,243.0,143.0,80.0,232.0,58.0,52.0,2290.0,2071.0,1883.0,2259.0,2248.0,2043.0,1583.0,994.0,646.0,179.0,06,057,2018
"Mendocino County, California",87422.0,34090.0,389.0,120.0,55.0,847.0,236.0,78.0,1814.0,1568.0,883.0,1669.0,838.0,3024.0,2137.0,1398.0,608.0,61.0,06,045,2018
"Los Angeles County, California",10098052.0,3306109.0,61736.0,15855.0,6880.0,160169.0,93050.0,40596.0,84386.0,81658.0,80572.0,117947.0,180789.0,315396.0,281202.0,191288.0,143425.0,62324.0,06,037,2018
"Santa Clara County, California",1922200.0,635525.0,9843.0,2249.0,734.0,24226.0,10695.0,3423.0,12698.0,12026.0,10437.0,17217.0,51643.0,28174.0,23032.0,21403.0,26115.0,25816.0,06,085,2018
"Siskiyou County, California",43540.0,19257.0,138.0,84.0,19.0,280.0,67.0,34.0,1232.0,904.0,591.0,435.0,167.0,1741.0,1133.0,300.0,97.0,29.0,06,093,2018
"Del Norte County, California",27424.0,9799.0,76.0,16.0,38.0,174.0,127.0,28.0,711.0,273.0,159.0,253.0,243.0,1031.0,553.0,81.0,45.0,0.0,06,015,2018
"Merced County, California",271382.0,80008.0,1476.0,238.0,210.0,3889.0,897.0,288.0,2786.0,2352.0,2623.0,1805.0,1197.0,7512.0,5818.0,2854.0,1204.0,178.0,06,047,2019
"Mariposa County, California",17420.0,7643.0,63.0,22.0,0.0,103.0,16.0,0.0,515.0,249.0,235.0,171.0,200.0,535.0,411.0,169.0,140.0,8.0,06,043,2019
"Modoc County, California",8907.0,3616.0,79.0,10.0,0.0,8.0,11.0,0.0,164.0,221.0,86.0,106.0,49.0,275.0,70.0,0.0,8.0,0.0,06,049,2019
"Contra Costa County, California",1142251.0,394769.0,4592.0,1136.0,371.0,9358.0,3401.0,1185.0,9032.0,10762.0,9959.0,15134.0,32508.0,16704.0,14328.0,12117.0,13971.0,9897.0,06,013,2019
"Inyo County, California",17977.0,7950.0,67.0,0.0,0.0,110.0,21.0,0.0,326.0,302.0,274.0,181.0,216.0,360.0,307.0,189.0,162.0,35.0,06,027,2019
"Stanislaus County, California",543194.0,173898.0,3429.0,730.0,415.0,5770.0,1255.0,414.0,5784.0,5825.0,5836.0,7055.0,4159.0,13273.0,12285.0,7329.0,3368.0,372.0,06,099,2019
"Santa Barbara County, California",444829.0,145856.0,2871.0,740.0,264.0,7257.0,3464.0,1061.0,3962.0,3312.0,2682.0,4719.0,7782.0,8908.0,8929.0,8339.0,7796.0,3971.0,06,083,2019
"Tehama County, California",63912.0,24189.0,299.0,117.0,14.0,443.0,148.0,13.0,1618.0,1294.0,935.0,779.0,280.0,1874.0,1747.0,549.0,154.0,58.0,06,103,2019
"Mono County, California",14310.0,4765.0,24.0,0.0,0.0,47.0,0.0,0.0,245.0,68.0,100.0,205.0,192.0,81.0,201.0,183.0,143.0,0.0,06,051,2019
"San Benito County, California",60376.0,18135.0,294.0,79.0,69.0,605.0,232.0,109.0,388.0,383.0,642.0,775.0,1726.0,669.0,855.0,605.0,495.0,392.0,06,069,2019
"Sacramento County, California",1524553.0,543025.0,5768.0,1354.0,627.0,13351.0,4496.0,1241.0,15767.0,15138.0,14554.0,19749.0,16864.0,42734.0,38794.0,23597.0,15459.0,3117.0,06,067,2019
"El Dorado County, California",188563.0,70974.0,538.0,174.0,72.0,775.0,153.0,43.0,3052.0,2795.0,2231.0,3279.0,4879.0,2963.0,2233.0,1465.0,1061.0,570.0,06,017,2019
"Monterey County, California",433410.0,127155.0,3391.0,645.0,409.0,7925.0,3023.0,2155.0,2929.0,3134.0,3117.0,4546.0,6975.0,6749.0,9317.0,7245.0,6418.0,3366.0,06,053,2019
"San Francisco County, California",874961.0,362354.0,3751.0,1597.0,433.0,5537.0,9557.0,3216.0,5342.0,4357.0,3638.0,6106.0,20220.0,27068.0,15823.0,9568.0,12087.0,15277.0,06,075,2019
"San Diego County, California",3316073.0,1125286.0,13465.0,3564.0,1459.0,37643.0,16763.0,4036.0,26685.0,26643.0,24684.0,40996.0,74276.0,65888.0,71510.0,58767.0,59051.0,30810.0,06,073,2019
"Tulare County, California",461898.0,138238.0,3752.0,905.0,260.0,6698.0,1302.0,454.0,6682.0,6263.0,4757.0,4266.0,1934.0,14363.0,10548.0,4045.0,1245.0,430.0,06,107,2019
"Humboldt County, California",135940.0,54679.0,593.0,251.0,55.0,877.0,526.0,92.0,2324.0,1628.0,2148.0,2083.0,1223.0,6004.0,4644.0,1717.0,1074.0,143.0,06,023,2019
"Alpine County, California",1039.0,350.0,5.0,3.0,0.0,2.0,0.0,0.0,19.0,16.0,11.0,12.0,31.0,7.0,2.0,0.0,2.0,0.0,06,003,2019
"Madera County, California",155433.0,44881.0,961.0,219.0,52.0,2232.0,512.0,406.0,1899.0,1782.0,1646.0,1474.0,923.0,3139.0,2734.0,1576.0,449.0,17.0,06,039,2019
"Santa Cruz County, California",273962.0,95818.0,1461.0,306.0,99.0,2892.0,1472.0,648.0,3050.0,2411.0,2208.0,3110.0,7590.0,6257.0,5005.0,3721.0,3870.0,2538.0,06,087,2019
"Trinity County, California",12700.0,5939.0,49.0,16.0,30.0,40.0,9.0,0.0,356.0,243.0,169.0,106.0,190.0,456.0,360.0,121.0,23.0,0.0,06,105,2019
"Riverside County, California",2411439.0,724893.0,15365.0,3513.0,2018.0,21626.0,5934.0,1868.0,33528.0,30415.0,26780.0,35898.0,33689.0,41034.0,40032.0,25683.0,21062.0,7188.0,06,065,2019
"San Bernardino County, California",2149031.0,636041.0,15603.0,3473.0,1553.0,25436.0,8380.0,1833.0,22404.0,22911.0,20557.0,27758.0,24519.0,45959.0,42180.0,27001.0,18893.0,5690.0,06,071,2019
"Marin County, California",259943.0,105432.0,381.0,196.0,46.0,2377.0,1507.0,397.0,2596.0,3012.0,2167.0,3394.0,11289.0,3845.0,3428.0,3259.0,4311.0,3770.0,06,041,2019
"Placer County, California",385512.0,142855.0,1059.0,172.0,46.0,1122.0,474.0,57.0,5061.0,4968.0,3825.0,6177.0,9575.0,5246.0,5188.0,3687.0,4151.0,1380.0,06,061,2019
"Shasta County, California",179212.0,71181.0,642.0,175.0,95.0,1227.0,380.0,71.0,3790.0,2905.0,2428.0,2654.0,1520.0,5872.0,3825.0,2041.0,848.0,143.0,06,089,2019
"Solano County, California",441829.0,149865.0,1791.0,411.0,213.0,3747.0,1512.0,294.0,3721.0,3481.0,4508.0,6163.0,7828.0,7311.0,7520.0,6224.0,6311.0,2378.0,06,095,2019
"Colusa County, California",21454.0,7227.0,170.0,15.0,32.0,224.0,69.0,10.0,192.0,305.0,196.0,209.0,129.0,450.0,477.0,143.0,11.0,22.0,06,011,2019
"Glenn County, California",27976.0,10085.0,124.0,18.0,2.0,254.0,46.0,1.0,480.0,241.0,315.0,176.0,186.0,1099.0,589.0,135.0,17.0,0.0,06,021,2019
"Butte County, California",225817.0,85320.0,738.0,172.0,97.0,1330.0,336.0,74.0,4525.0,2839.0,2253.0,2356.0,1546.0,8690.0,6040.0,2791.0,1573.0,320.0,06,007,2019
"Kings County, California",150691.0,43452.0,919.0,158.0,90.0,1817.0,400.0,173.0,1447.0,1206.0,1041.0,1023.0,643.0,3644.0,3140.0,1699.0,685.0,141.0,06,031,2019
"Plumas County, California",18660.0,8450.0,61.0,0.0,0.0,126.0,23.0,0.0,491.0,286.0,245.0,278.0,201.0,465.0,173.0,208.0,85.0,0.0,06,063,2019
"San Luis Obispo County, California",282165.0,105981.0,736.0,141.0,146.0,1588.0,715.0,125.0,3674.0,3129.0,2947.0,4670.0,6414.0,6435.0,5264.0,4438.0,3197.0,1572.0,06,079,2019
"Fresno County, California",984521.0,307906.0,6599.0,1397.0,518.0,13071.0,4337.0,2931.0,9696.0,10785.0,8123.0,8410.0,6056.0,34586.0,25645.0,10171.0,4903.0,923.0,06,019,2019
"Kern County, California",887641.0,270282.0,6718.0,1193.0,585.0,10869.0,4105.0,1433.0,10707.0,10812.0,8636.0,8716.0,5094.0,25460.0,19904.0,8224.0,3979.0,684.0,06,029,2019
"Orange County, California",3168044.0,1037492.0,15700.0,4585.0,1601.0,43328.0,19308.0,7160.0,25359.0,24292.0,21485.0,35566.0,81646.0,47496.0,51281.0,47458.0,58665.0,33647.0,06,059,2019
"Ventura County, California",847263.0,271040.0,4076.0,723.0,357.0,7779.0,3169.0,1159.0,6520.0,7245.0,6616.0,11389.0,22392.0,10827.0,12700.0,11395.0,11979.0,8349.0,06,111,2019
"Calaveras County, California",45514.0,16942.0,185.0,91.0,0.0,77.0,18.0,0.0,866.0,986.0,803.0,1143.0,897.0,613.0,494.0,494.0,312.0,40.0,06,009,2019
"Sutter County, California",96109.0,32636.0,539.0,196.0,35.0,1031.0,259.0,157.0,1162.0,889.0,653.0,1281.0,816.0,2100.0,2726.0,1122.0,760.0,57.0,06,101,2019
"San Mateo County, California",767423.0,263543.0,3979.0,1085.0,392.0,8354.0,5208.0,1926.0,5869.0,5113.0,4125.0,6912.0,25012.0,8002.0,8646.0,8283.0,11473.0,12222.0,06,081,2019
"Tuolumne County, California",54045.0,22502.0,347.0,33.0,11.0,261.0,44.0,15.0,1501.0,940.0,673.0,997.0,867.0,1385.0,1103.0,457.0,135.0,25.0,06,109,2019
"San Joaquin County, California",742603.0,228567.0,4539.0,882.0,351.0,7933.0,2545.0,663.0,7503.0,6892.0,5778.0,8355.0,7955.0,17933.0,16068.0,9047.0,6625.0,1680.0,06,077,2019
"Amador County, California",38429.0,14594.0,171.0,0.0,37.0,128.0,41.0,0.0,922.0,668.0,463.0,793.0,309.0,606.0,691.0,342.0,78.0,0.0,06,005,2019
"Lake County, California",64195.0,25660.0,294.0,60.0,169.0,265.0,97.0,0.0,1787.0,1171.0,850.0,851.0,552.0,1557.0,1528.0,688.0,182.0,98.0,06,033,2019
"Yuba County, California",76360.0,26354.0,618.0,88.0,29.0,643.0,201.0,118.0,1002.0,754.0,1124.0,1033.0,473.0,2186.0,1595.0,836.0,540.0,65.0,06,115,2019
"Lassen County, California",30818.0,9280.0,56.0,6.0,3.0,81.0,22.0,0.0,385.0,263.0,198.0,257.0,83.0,653.0,443.0,130.0,71.0,8.0,06,035,2019
"Sonoma County, California",499772.0,189374.0,1942.0,434.0,142.0,5085.0,1717.0,449.0,5556.0,5254.0,4697.0,7345.0,12824.0,8993.0,8404.0,7592.0,8780.0,4144.0,06,097,2019
"Imperial County, California",180701.0,44829.0,1067.0,404.0,252.0,2237.0,570.0,245.0,2603.0,1651.0,1362.0,1192.0,675.0,5562.0,2738.0,894.0,265.0,35.0,06,025,2019
"Alameda County, California",1656754.0,577177.0,8157.0,2195.0,486.0,20850.0,10695.0,3042.0,11351.0,10705.0,8806.0,15306.0,40371.0,33981.0,27334.0,22254.0,25096.0,18993.0,06,001,2019
"Napa County, California",139623.0,48705.0,736.0,112.0,87.0,1467.0,517.0,93.0,1399.0,1454.0,1170.0,1805.0,3368.0,1979.0,1819.0,1912.0,1948.0,1050.0,06,055,2019
"Sierra County, California",3040.0,1319.0,3.0,0.0,0.0,19.0,0.0,0.0,118.0,81.0,40.0,11.0,15.0,71.0,67.0,0.0,0.0,0.0,06,091,2019
"Yolo County, California",217352.0,74296.0,510.0,112.0,37.0,2447.0,742.0,138.0,1558.0,1152.0,1235.0,1967.0,2841.0,7222.0,4953.0,2981.0,2468.0,454.0,06,113,2019
"Nevada County, California",99244.0,40855.0,282.0,157.0,43.0,220.0,97.0,63.0,2131.0,2241.0,1596.0,2270.0,2383.0,1879.0,1751.0,1213.0,803.0,176.0,06,057,2019
"Mendocino County, California",87224.0,34408.0,339.0,110.0,35.0,931.0,286.0,53.0,1782.0,1479.0,921.0,1651.0,850.0,2522.0,2121.0,1432.0,636.0,113.0,06,045,2019
"Los Angeles County, California",10081570.0,3316795.0,61697.0,15703.0,6891.0,157166.0,94624.0,39831.0,80433.0,76684.0,75393.0,114009.0,191055.0,293519.0,268496.0,192651.0,155262.0,75947.0,06,037,2019
"Santa Clara County, California",1927470.0,640215.0,9345.0,2198.0,654.0,24247.0,11930.0,3848.0,12304.0,11543.0,9632.0,15313.0,52001.0,25697.0,21981.0,20337.0,27019.0,29339.0,06,085,2019
"Siskiyou County, California",43468.0,19240.0,155.0,37.0,25.0,270.0,73.0,42.0,1242.0,823.0,633.0,347.0,192.0,1569.0,1095.0,312.0,177.0,0.0,06,093,2019
"Del Norte County, California",27495.0,9945.0,136.0,19.0,17.0,226.0,60.0,27.0,672.0,283.0,162.0,277.0,218.0,893.0,746.0,124.0,33.0,0.0,06,015,2019
"Alameda County, California",1661584.0,573174.0,8913.0,1972.0,518.0,20310.0,10534.0,2989.0,11110.0,10417.0,8889.0,14802.0,40834.0,30808.0,25692.0,20624.0,25112.0,20928.0,06,001,2020
"Alpine County, California",1159.0,397.0,5.0,3.0,0.0,7.0,0.0,0.0,8.0,7.0,8.0,16.0,28.0,4.0,3.0,0.0,0.0,0.0,06,003,2020
"Butte County, California",223344.0,83879.0,776.0,160.0,72.0,1432.0,412.0,53.0,4122.0,3041.0,1981.0,2180.0,2012.0,7567.0,6044.0,2485.0,1709.0,392.0,06,007,2020
"Colusa County, California",21491.0,7329.0,125.0,14.0,12.0,208.0,66.0,9.0,298.0,383.0,232.0,202.0,118.0,395.0,499.0,130.0,13.0,25.0,06,011,2020
"Contra Costa County, California",1147788.0,398299.0,4483.0,951.0,518.0,9001.0,3902.0,1072.0,9881.0,10334.0,9545.0,14599.0,34345.0,15004.0,13044.0,11313.0,15121.0,11385.0,06,013,2020
"El Dorado County, California",190345.0,73078.0,676.0,129.0,61.0,761.0,117.0,120.0,3447.0,2654.0,2426.0,3493.0,4997.0,2852.0,2584.0,1556.0,1175.0,526.0,06,017,2020
"Fresno County, California",990204.0,310097.0,6540.0,1479.0,640.0,12352.0,5224.0,3670.0,9623.0,10101.0,7968.0,8400.0,6254.0,32529.0,25106.0,10997.0,5861.0,866.0,06,019,2020
"Humboldt County, California",136101.0,54120.0,668.0,260.0,37.0,662.0,525.0,87.0,2378.0,1641.0,1835.0,1876.0,1179.0,5584.0,4914.0,1865.0,942.0,147.0,06,023,2020
"Imperial County, California",180580.0,45768.0,1024.0,324.0,353.0,1978.0,613.0,244.0,2476.0,1686.0,1581.0,1117.0,597.0,5838.0,2591.0,1017.0,264.0,75.0,06,025,2020
"Kern County, California",892458.0,273556.0,7137.0,1295.0,641.0,10586.0,4137.0,1368.0,11044.0,10586.0,8616.0,9483.0,5442.0,25141.0,18720.0,8212.0,4071.0,999.0,06,029,2020
"Kings County, California",151090.0,43604.0,915.0,157.0,126.0,1752.0,588.0,112.0,1358.0,1355.0,1056.0,913.0,749.0,3240.0,2709.0,1436.0,920.0,72.0,06,031,2020
"Lassen County, California",30600.0,9172.0,45.0,4.0,4.0,86.0,23.0,7.0,389.0,275.0,266.0,288.0,127.0,594.0,354.0,158.0,83.0,8.0,06,035,2020
"Madera County, California",155925.0,44479.0,1199.0,405.0,68.0,2365.0,471.0,332.0,1837.0,1870.0,1782.0,1714.0,1184.0,2539.0,2364.0,1590.0,482.0,29.0,06,039,2020
"Marin County, California",259441.0,104900.0,366.0,150.0,52.0,2508.0,1372.0,241.0,2354.0,2629.0,2030.0,3522.0,11424.0,3627.0,3142.0,2909.0,4618.0,4149.0,06,041,2020
"Mariposa County, California",17319.0,7846.0,51.0,25.0,0.0,102.0,10.0,0.0,495.0,375.0,210.0,241.0,213.0,364.0,576.0,150.0,154.0,5.0,06,043,2020
"Mendocino County, California",87110.0,34164.0,366.0,145.0,15.0,942.0,353.0,43.0,1666.0,1245.0,968.0,1429.0,915.0,2653.0,2162.0,1481.0,694.0,85.0,06,045,2020
"Merced County, California",273661.0,81306.0,1811.0,305.0,240.0,3344.0,973.0,268.0,2802.0,2137.0,2556.0,1937.0,1280.0,6241.0,5739.0,3608.0,1324.0,170.0,06,047,2020
"Modoc County, California",8853.0,3594.0,83.0,12.0,0.0,8.0,13.0,0.0,144.0,153.0,38.0,92.0,43.0,217.0,78.0,0.0,7.0,0.0,06,049,2020
"Monterey County, California",432977.0,128003.0,3596.0,650.0,465.0,7661.0,3072.0,1953.0,2526.0,3021.0,2770.0,4453.0,7278.0,5995.0,9260.0,7259.0,6647.0,3735.0,06,053,2020
"Napa County, California",138572.0,48484.0,708.0,105.0,129.0,1354.0,444.0,118.0,1651.0,1503.0,1060.0,1680.0,3366.0,1754.0,1840.0,1843.0,1855.0,1160.0,06,055,2020
"Nevada County, California",99417.0,40917.0,248.0,120.0,40.0,197.0,50.0,56.0,1779.0,2463.0,1600.0,2229.0,2424.0,1801.0,1576.0,1015.0,775.0,243.0,06,057,2020
"Orange County, California",3170345.0,1040001.0,16152.0,4774.0,1745.0,42144.0,20097.0,6961.0,25006.0,23136.0,20861.0,33720.0,83110.0,45590.0,49129.0,45146.0,59232.0,38169.0,06,059,2020
"Placer County, California",391799.0,145714.0,931.0,156.0,36.0,1055.0,572.0,63.0,5396.0,4717.0,3965.0,6063.0,10445.0,4797.0,4772.0,3547.0,4287.0,1574.0,06,061,2020
"Plumas County, California",18844.0,8332.0,62.0,0.0,0.0,111.0,23.0,0.0,482.0,266.0,215.0,221.0,208.0,486.0,152.0,231.0,61.0,8.0,06,063,2020
"Riverside County, California",2437864.0,736413.0,17103.0,4136.0,2183.0,19372.0,6579.0,2657.0,33728.0,29319.0,25508.0,36740.0,37082.0,36717.0,37105.0,26496.0,23300.0,7976.0,06,065,2020
"Sacramento County, California",1537948.0,547519.0,6453.0,1461.0,672.0,13624.0,5275.0,1260.0,16369.0,15142.0,13877.0,20510.0,18975.0,38524.0,34604.0,25600.0,18764.0,3952.0,06,067,2020
"San Benito County, California",61547.0,18389.0,256.0,120.0,100.0,644.0,269.0,26.0,363.0,407.0,616.0,1095.0,1958.0,575.0,834.0,730.0,608.0,193.0,06,069,2020
"San Bernardino County, California",2162532.0,640090.0,16334.0,3797.0,1504.0,23944.0,8469.0,2241.0,21379.0,21828.0,20140.0,27954.0,25638.0,42195.0,40569.0,28400.0,20966.0,6052.0,06,071,2020
"San Diego County, California",3323970.0,1130703.0,15276.0,4164.0,1554.0,35727.0,16286.0,4179.0,27092.0,25829.0,23546.0,40591.0,76125.0,61125.0,68156.0,57037.0,62897.0,32691.0,06,073,2020
"San Francisco County, California",874784.0,362141.0,3958.0,1717.0,439.0,5493.0,9440.0,3037.0,5788.0,4083.0,3538.0,6367.0,20177.0,25259.0,14950.0,9774.0,12279.0,17076.0,06,075,2020
"San Joaquin County, California",751615.0,231092.0,4980.0,1182.0,404.0,8098.0,2952.0,617.0,7821.0,6709.0,6025.0,8814.0,8593.0,15301.0,15423.0,9196.0,7692.0,2570.0,06,077,2020
"San Luis Obispo County, California",282517.0,106244.0,890.0,171.0,157.0,1376.0,508.0,179.0,3478.0,2800.0,3115.0,4653.0,6854.0,6056.0,5237.0,3853.0,3271.0,1918.0,06,079,2020
"San Mateo County, California",765623.0,263351.0,3854.0,937.0,442.0,7846.0,5205.0,1700.0,5543.0,5095.0,4159.0,6719.0,25059.0,7522.0,7937.0,7524.0,11548.0,14452.0,06,081,2020
"Santa Clara County, California",1924379.0,635314.0,9426.0,2215.0,699.0,22911.0,12212.0,3899.0,11608.0,11407.0,8810.0,14395.0,54331.0,24300.0,18783.0,18627.0,26092.0,33083.0,06,085,2020
"Santa Cruz County, California",273170.0,96275.0,1631.0,263.0,134.0,2385.0,1337.0,841.0,3168.0,1948.0,2131.0,2707.0,8307.0,5496.0,4316.0,3565.0,3681.0,2863.0,06,087,2020
"Sierra County, California",2898.0,1250.0,0.0,0.0,0.0,14.0,0.0,0.0,126.0,93.0,7.0,42.0,15.0,20.0,82.0,10.0,0.0,19.0,06,091,2020
"Solano County, California",444538.0,151191.0,1685.0,492.0,209.0,3945.0,1751.0,320.0,3467.0,3403.0,4181.0,5721.0,8709.0,6404.0,6713.0,5773.0,7230.0,2983.0,06,095,2020
"Sonoma County, California",496801.0,188958.0,2055.0,435.0,217.0,4603.0,1594.0,597.0,5668.0,4849.0,4524.0,6781.0,14311.0,8329.0,7683.0,6841.0,9530.0,5401.0,06,097,2020
"Sutter County, California",96315.0,32586.0,570.0,191.0,60.0,935.0,206.0,99.0,1141.0,892.0,672.0,1259.0,828.0,1810.0,2139.0,1236.0,880.0,22.0,06,101,2020
"Tehama County, California",64176.0,24661.0,304.0,284.0,33.0,316.0,76.0,15.0,1599.0,1066.0,795.0,786.0,324.0,1698.0,1614.0,646.0,262.0,61.0,06,103,2020
"Tulare County, California",463955.0,139044.0,3989.0,940.0,353.0,6909.0,1470.0,540.0,6211.0,6165.0,4789.0,4131.0,2477.0,12666.0,10488.0,4198.0,1207.0,335.0,06,107,2020
"Tuolumne County, California",54147.0,22937.0,220.0,14.0,0.0,273.0,46.0,8.0,1490.0,1084.0,763.0,1115.0,1243.0,1349.0,1025.0,604.0,89.0,13.0,06,109,2020
"Yolo County, California",218774.0,74614.0,563.0,125.0,34.0,2622.0,746.0,246.0,1636.0,1145.0,1100.0,1936.0,3191.0,6733.0,4679.0,2862.0,2532.0,734.0,06,113,2020
"Yuba County, California",77524.0,26434.0,470.0,51.0,27.0,481.0,157.0,33.0,1125.0,1015.0,982.0,944.0,734.0,2044.0,1433.0,669.0,671.0,66.0,06,115,2020
"Mono County, California",14395.0,5196.0,161.0,0.0,0.0,55.0,0.0,0.0,196.0,153.0,73.0,409.0,578.0,64.0,130.0,210.0,186.0,0.0,06,051,2020
"Amador County, California",39023.0,14844.0,162.0,9.0,41.0,142.0,27.0,0.0,824.0,588.0,680.0,842.0,373.0,640.0,508.0,212.0,104.0,0.0,06,005,2020
"Calaveras County, California",45828.0,16958.0,143.0,102.0,0.0,70.0,0.0,0.0,1007.0,1075.0,709.0,1321.0,881.0,604.0,464.0,505.0,271.0,63.0,06,009,2020
"Del Norte County, California",27692.0,9805.0,141.0,22.0,15.0,181.0,32.0,4.0,630.0,318.0,192.0,198.0,168.0,808.0,618.0,177.0,49.0,0.0,06,015,2020
"Glenn County, California",28060.0,10216.0,103.0,23.0,3.0,235.0,36.0,2.0,343.0,277.0,429.0,216.0,256.0,1109.0,394.0,115.0,67.0,0.0,06,021,2020
"Inyo County, California",17930.0,7954.0,69.0,0.0,0.0,41.0,42.0,1.0,353.0,310.0,217.0,111.0,123.0,354.0,325.0,135.0,122.0,31.0,06,027,2020
"Lake County, California",64276.0,25508.0,371.0,97.0,136.0,245.0,60.0,58.0,1971.0,1104.0,764.0,836.0,476.0,1502.0,1293.0,767.0,297.0,87.0,06,033,2020
"Los Angeles County, California",10040682.0,3332504.0,63506.0,16682.0,7137.0,153182.0,94895.0,38804.0,82017.0,74560.0,70921.0,111197.0,199772.0,276809.0,251734.0,191350.0,168761.0,89393.0,06,037,2020
"Santa Barbara County, California",444895.0,148309.0,2631.0,811.0,388.0,6979.0,3392.0,1133.0,4136.0,3142.0,2793.0,4680.0,8599.0,8242.0,7291.0,8952.0,8255.0,4798.0,06,083,2020
"Shasta County, California",179267.0,70845.0,656.0,167.0,120.0,888.0,309.0,41.0,3834.0,3114.0,2400.0,2872.0,1615.0,5461.0,3357.0,2125.0,1031.0,133.0,06,089,2020
"Siskiyou County, California",43516.0,19195.0,114.0,53.0,24.0,350.0,70.0,30.0,1186.0,679.0,593.0,472.0,175.0,1527.0,1027.0,350.0,182.0,0.0,06,093,2020
"Stanislaus County, California",546235.0,174826.0,3875.0,774.0,384.0,5394.0,1332.0,679.0,5885.0,6252.0,6490.0,6564.0,4590.0,12250.0,11359.0,7107.0,3995.0,410.0,06,099,2020
"Trinity County, California",12541.0,5896.0,123.0,27.0,24.0,89.0,0.0,0.0,412.0,176.0,215.0,115.0,176.0,497.0,263.0,89.0,51.0,0.0,06,105,2020
"Ventura County, California",845599.0,271639.0,4088.0,712.0,383.0,7418.0,3092.0,1100.0,6841.0,7316.0,6169.0,11147.0,22671.0,10480.0,11792.0,11492.0,11783.0,9786.0,06,111,2020
"Alameda County, California",1673133.0,581683.0,8779.0,2077.0,568.0,20199.0,10411.0,2893.0,10897.0,10589.0,8546.0,14181.0,43742.0,29275.0,24128.0,19821.0,26955.0,24538.0,06,001,2021
"Alpine County, California",1344.0,434.0,5.0,1.0,0.0,8.0,0.0,0.0,10.0,7.0,6.0,28.0,26.0,4.0,2.0,2.0,0.0,0.0,06,003,2021
"Amador County, California",40095.0,15394.0,173.0,22.0,47.0,82.0,124.0,0.0,870.0,685.0,797.0,686.0,652.0,513.0,449.0,269.0,170.0,19.0,06,005,2021
"Butte County, California",217884.0,85292.0,720.0,199.0,58.0,1431.0,536.0,48.0,3418.0,2988.0,1809.0,2124.0,2057.0,6970.0,6126.0,3133.0,1914.0,655.0,06,007,2021
"Calaveras County, California",45349.0,16809.0,147.0,109.0,0.0,87.0,9.0,12.0,1033.0,1005.0,867.0,1255.0,916.0,550.0,384.0,334.0,267.0,132.0,06,009,2021
"Colusa County, California",21780.0,7303.0,99.0,12.0,3.0,160.0,45.0,27.0,347.0,207.0,274.0,250.0,99.0,398.0,497.0,184.0,28.0,10.0,06,011,2021
"Contra Costa County, California",1161643.0,405106.0,4852.0,1034.0,640.0,9307.0,4121.0,1607.0,9546.0,9855.0,8795.0,14687.0,37250.0,14780.0,12222.0,10862.0,16089.0,14139.0,06,013,2021
"Del Norte County, California",27655.0,9531.0,121.0,20.0,11.0,159.0,18.0,5.0,501.0,256.0,182.0,142.0,197.0,827.0,420.0,287.0,60.0,0.0,06,015,2021
"El Dorado County, California",190568.0,74535.0,669.0,163.0,54.0,486.0,122.0,153.0,3248.0,2628.0,2275.0,3156.0,5582.0,2779.0,2479.0,1357.0,1632.0,594.0,06,017,2021
"Fresno County, California",1003150.0,314421.0,6630.0,1622.0,763.0,11291.0,6583.0,4577.0,9632.0,9367.0,7859.0,8938.0,7591.0,29424.0,24140.0,12226.0,6827.0,1090.0,06,019,2021
"Glenn County, California",28675.0,9753.0,108.0,39.0,2.0,161.0,31.0,6.0,337.0,305.0,410.0,160.0,230.0,862.0,513.0,281.0,78.0,13.0,06,021,2021
"Humboldt County, California",137014.0,53729.0,874.0,248.0,38.0,643.0,543.0,79.0,2259.0,1771.0,1560.0,1978.0,1378.0,5283.0,4722.0,1946.0,1158.0,245.0,06,023,2021
"Imperial County, California",180051.0,45541.0,914.0,283.0,380.0,1625.0,624.0,229.0,2304.0,1438.0,1671.0,1049.0,769.0,5368.0,2880.0,1170.0,456.0,20.0,06,025,2021
"Inyo County, California",18804.0,7832.0,69.0,16.0,0.0,36.0,28.0,1.0,406.0,309.0,305.0,152.0,102.0,306.0,274.0,114.0,116.0,83.0,06,027,2021
"Kern County, California",905644.0,274705.0,7639.0,1636.0,825.0,10512.0,4339.0,1405.0,10727.0,9916.0,8732.0,9927.0,6134.0,22833.0,19325.0,8761.0,4429.0,1285.0,06,029,2021
"Kings County, California",151887.0,43286.0,974.0,171.0,89.0,1607.0,523.0,161.0,1270.0,1256.0,1184.0,1207.0,886.0,3062.0,2887.0,1435.0,1072.0,119.0,06,031,2021
"Lake County, California",67749.0,26307.0,445.0,94.0,113.0,209.0,89.0,106.0,1931.0,1432.0,759.0,878.0,531.0,1310.0,1235.0,634.0,438.0,206.0,06,033,2021
"Lassen County, California",32949.0,8910.0,62.0,12.0,0.0,88.0,9.0,7.0,413.0,265.0,246.0,298.0,142.0,510.0,412.0,176.0,50.0,3.0,06,035,2021
"Los Angeles County, California",10019635.0,3342811.0,63576.0,17277.0,8088.0,151366.0,94048.0,38048.0,81005.0,70734.0,65129.0,107165.0,215635.0,256284.0,235659.0,188145.0,185558.0,111267.0,06,037,2021
"Madera County, California",156304.0,43578.0,1275.0,400.0,113.0,2133.0,522.0,397.0,1907.0,1728.0,1806.0,1798.0,1318.0,2432.0,2308.0,1216.0,816.0,113.0,06,039,2021
"Marin County, California",262387.0,103751.0,403.0,114.0,20.0,2490.0,1299.0,285.0,2100.0,2421.0,1828.0,3068.0,11583.0,3180.0,3140.0,2691.0,4329.0,5064.0,06,041,2021
"Mariposa County, California",17225.0,7588.0,33.0,14.0,0.0,113.0,13.0,0.0,427.0,326.0,259.0,277.0,215.0,341.0,394.0,191.0,128.0,5.0,06,043,2021
"Mendocino County, California",91534.0,34183.0,364.0,153.0,6.0,747.0,317.0,56.0,1538.0,1266.0,1108.0,1104.0,1000.0,2573.0,1826.0,1400.0,906.0,121.0,06,045,2021
"Merced County, California",279150.0,81618.0,1766.0,343.0,208.0,3090.0,958.0,404.0,3012.0,2428.0,2399.0,2136.0,1741.0,6116.0,5620.0,3529.0,1794.0,411.0,06,047,2021
"Modoc County, California",8723.0,3413.0,88.0,8.0,0.0,13.0,0.0,0.0,113.0,86.0,20.0,64.0,40.0,236.0,71.0,32.0,9.0,0.0,06,049,2021
"Mono County, California",13291.0,5361.0,171.0,0.0,0.0,37.0,0.0,0.0,112.0,250.0,63.0,347.0,499.0,23.0,61.0,290.0,74.0,71.0,06,051,2021
"Monterey County, California",438953.0,129977.0,3922.0,606.0,533.0,8632.0,3343.0,1415.0,2681.0,2740.0,2626.0,3992.0,8045.0,5676.0,8773.0,6972.0,7707.0,4725.0,06,053,2021
"Napa County, California",138795.0,48745.0,769.0,121.0,131.0,1451.0,414.0,101.0,1633.0,1282.0,1068.0,1512.0,3988.0,1549.0,1928.0,1706.0,1865.0,1557.0,06,055,2021
"Nevada County, California",102090.0,40877.0,236.0,117.0,27.0,198.0,102.0,120.0,1905.0,2304.0,1707.0,2110.0,2799.0,1934.0,1453.0,998.0,1072.0,281.0,06,057,2021
"Orange County, California",3182923.0,1057592.0,16550.0,4536.0,1721.0,41481.0,20497.0,6746.0,25124.0,21701.0,19372.0,32870.0,85622.0,44833.0,46313.0,43511.0,58904.0,47971.0,06,059,2021
"Placer County, California",400330.0,149714.0,996.0,139.0,87.0,1134.0,667.0,115.0,4813.0,4740.0,3917.0,6050.0,11992.0,4373.0,4669.0,3587.0,4578.0,2433.0,06,061,2021
"Plumas County, California",19631.0,8231.0,61.0,0.0,0.0,145.0,45.0,0.0,378.0,288.0,234.0,265.0,230.0,411.0,190.0,275.0,62.0,11.0,06,063,2021
"Riverside County, California",2409331.0,740506.0,18307.0,4251.0,1910.0,18493.0,6871.0,2775.0,31187.0,27481.0,25837.0,36202.0,43527.0,34230.0,34398.0,26004.0,25617.0,10686.0,06,065,2021
"Sacramento County, California",1571767.0,559036.0,6970.0,1666.0,675.0,14536.0,6003.0,1361.0,16518.0,14483.0,13633.0,19907.0,22039.0,35882.0,32164.0,25970.0,22639.0,5920.0,06,067,2021
"San Benito County, California",63329.0,19144.0,396.0,60.0,62.0,601.0,293.0,56.0,368.0,323.0,556.0,1237.0,2226.0,496.0,648.0,630.0,639.0,480.0,06,069,2021
"San Bernardino County, California",2171071.0,651743.0,16855.0,3948.0,1579.0,24168.0,8675.0,2254.0,20742.0,21249.0,18537.0,27793.0,29246.0,38690.0,39148.0,28305.0,24705.0,8187.0,06,071,2021
"San Diego County, California",3296317.0,1139899.0,16596.0,4049.0,1517.0,34805.0,17151.0,4865.0,26477.0,24624.0,22476.0,38437.0,83983.0,57476.0,62610.0,55640.0,66871.0,42430.0,06,073,2021
"San Francisco County, California",865933.0,361222.0,3808.0,1550.0,540.0,6010.0,9052.0,3422.0,5689.0,4369.0,3683.0,5664.0,20276.0,23789.0,14398.0,10577.0,12397.0,18447.0,06,075,2021
"San Joaquin County, California",771406.0,234662.0,5582.0,1294.0,567.0,8515.0,2836.0,793.0,8099.0,6723.0,5425.0,8549.0,10183.0,13483.0,14488.0,8402.0,8695.0,3629.0,06,077,2021
"San Luis Obispo County, California",282771.0,106790.0,868.0,171.0,182.0,1554.0,519.0,173.0,3255.0,2847.0,2881.0,4246.0,7404.0,5769.0,5005.0,4142.0,3909.0,2340.0,06,079,2021
"San Mateo County, California",762488.0,264892.0,3685.0,924.0,396.0,7643.0,4992.0,1945.0,4986.0,4731.0,4317.0,6413.0,25295.0,7374.0,7636.0,7212.0,11061.0,15819.0,06,081,2021
"Santa Barbara County, California",447651.0,147446.0,2693.0,687.0,566.0,6557.0,3530.0,1255.0,3977.0,2793.0,2597.0,4283.0,9297.0,7915.0,7344.0,7801.0,8674.0,5801.0,06,083,2021
"Santa Clara County, California",1932022.0,646847.0,9393.0,2192.0,756.0,22935.0,11879.0,3624.0,10995.0,10686.0,8499.0,12848.0,55930.0,22075.0,17950.0,17101.0,27419.0,38262.0,06,085,2021
"Santa Cruz County, California",272138.0,96476.0,1562.0,296.0,122.0,2610.0,1437.0,748.0,2880.0,2170.0,2113.0,2923.0,8443.0,4642.0,3946.0,2976.0,4296.0,3382.0,06,087,2021
"Shasta County, California",181935.0,71314.0,735.0,142.0,83.0,907.0,224.0,85.0,3438.0,2840.0,2359.0,2673.0,1845.0,4797.0,3428.0,2289.0,1343.0,261.0,06,089,2021
"Sierra County, California",3079.0,1151.0,6.0,0.0,0.0,16.0,0.0,0.0,146.0,71.0,5.0,36.0,9.0,10.0,41.0,8.0,12.0,0.0,06,091,2021
"Siskiyou County, California",44151.0,18598.0,190.0,64.0,11.0,308.0,58.0,27.0,1153.0,642.0,563.0,506.0,269.0,1481.0,908.0,355.0,201.0,0.0,06,093,2021
"Solano County, California",451432.0,153632.0,1888.0,539.0,211.0,3884.0,1668.0,419.0,3685.0,3224.0,4079.0,6149.0,9723.0,6327.0,5952.0,6127.0,7154.0,4050.0,06,095,2021
"Sonoma County, California",492498.0,188841.0,1812.0,547.0,226.0,4664.0,1491.0,617.0,5054.0,4830.0,4265.0,6536.0,15656.0,7818.0,7102.0,7028.0,8897.0,6811.0,06,097,2021
"Stanislaus County, California",550842.0,175067.0,3974.0,780.0,527.0,5361.0,1249.0,665.0,5651.0,5609.0,6489.0,6521.0,5410.0,10990.0,10023.0,7358.0,5227.0,710.0,06,099,2021
"Sutter County, California",99080.0,32703.0,539.0,180.0,69.0,958.0,258.0,62.0,1095.0,974.0,799.0,1426.0,996.0,1694.0,1760.0,1456.0,1009.0,68.0,06,101,2021
"Tehama County, California",65345.0,24551.0,380.0,243.0,30.0,243.0,81.0,8.0,1470.0,1163.0,837.0,545.0,484.0,1600.0,1522.0,435.0,290.0,69.0,06,103,2021
"Trinity County, California",15818.0,5492.0,95.0,19.0,0.0,117.0,0.0,0.0,377.0,194.0,264.0,155.0,104.0,283.0,212.0,64.0,15.0,0.0,06,105,2021
"Tulare County, California",470999.0,139631.0,3802.0,818.0,326.0,6732.0,1529.0,704.0,5522.0,5503.0,4424.0,4872.0,2676.0,11496.0,10237.0,4945.0,1397.0,487.0,06,107,2021
"Tuolumne County, California",55243.0,23103.0,274.0,20.0,0.0,240.0,116.0,18.0,1409.0,943.0,947.0,1092.0,1534.0,1243.0,868.0,645.0,224.0,12.0,06,109,2021
"Ventura County, California",845255.0,274471.0,4468.0,702.0,443.0,7344.0,3315.0,1118.0,6432.0,7299.0,6172.0,11159.0,24132.0,9859.0,11185.0,11008.0,11985.0,11650.0,06,111,2021
"Yolo County, California",216703.0,75471.0,680.0,64.0,66.0,2764.0,1045.0,217.0,1590.0,1082.0,1026.0,1675.0,3551.0,6621.0,4499.0,2991.0,2952.0,1086.0,06,113,2021
"Yuba County, California",80404.0,26888.0,589.0,36.0,19.0,539.0,214.0,89.0,1077.0,846.0,1115.0,1001.0,879.0,1958.0,1306.0,837.0,577.0,288.0,06,115,2021
